FishID,Lake,LatPlNum_L,LatPlNum_R,FirstPl_L,LastPl_L,FirstPl_R,LastPl_R,Pelvic_L,Pelvic_R,PelvicTotal,DS1,DS2,DS3,DS4,DS1Length,DS2Length,PSLLength,PSRLength
S180668,Corcoran,,,,,,,,,,,,,,,,,
S180669,Corcoran,,,,,,,,,,,,,,,,,
S180670,Corcoran,,,,,,,,,,,,,,,,,
S180671,Corcoran,,,,,,,,,,,,,,,,,
S180672,Corcoran,,,,,,,,,,,,,,,,,
S180673,Corcoran,,,,,,,,,,,,,,,,,
S180674,Corcoran,,,,,,,,,,,,,,,,,
S180675,Corcoran,,,,,,,,,,,,,,,,,
S180677,Corcoran,,,,,,,,,,,,,,,,,
S180678,Corcoran,,,,,,,,,,,,,,,,,
S180679,Corcoran,,,,,,,,,,,,,,,,,
S180680,Corcoran,,,,,,,,,,,,,,,,,
S180681,Corcoran,,,,,,,,,,,,,,,,,
S180682,Corcoran,,,,,,,,,,,,,,,,,
S180683,Corcoran,,,,,,,,,,,,,,,,,
S180684,Corcoran,,,,,,,,,,,,,,,,,
S180685,Corcoran,7,7,2,8,2,8,4,4,8,1,1,1,0,3.09,3.62,5.09,4.57
S180686,Corcoran,6,6,3,8,3,8,4,4,8,1,1,1,0,3.72,5.22,5.17,5.33
S180687,Corcoran,5,5,4,8,4,8,4,4,8,1,1,1,0,3.43,3.79,4.96,4.8
S180688,Corcoran,5,5,3,7,3,7,4,4,8,1,1,1,0,3.53,4.58,5.48,5.61
S180689,Corcoran,,,,,,,,,,,,,,,,,
S180690,Corcoran,5,5,5,9,5,9,4,4,8,1,1,1,0,3.41,3.79,4.82,4.58
S180691,Corcoran,5,5,3,7,3,7,4,4,8,1,1,1,0,3.5,4.18,4.49,4.71
S180692,Corcoran,6,7,3,8,2,8,4,4,8,1,1,1,0,2.75,3.75,4.63,4.52
S180693,Corcoran,5,5,4,8,4,8,4,4,8,1,1,1,0,3.21,3.55,4.3,4.51
S180694,Corcoran,6,6,3,8,3,8,4,4,8,1,1,1,0,2.5,2.92,3.66,4.34
S180695,Corcoran,7,7,3,9,3,9,4,4,8,1,1,1,0,2.33,2.85,3.92,3.83
S180696,Corcoran,5,5,3,7,4,8,4,4,8,1,1,1,0,3.56,4.08,5.2,5.65
S180697,Corcoran,6,6,3,8,3,8,4,4,8,1,1,1,0,3.92,5.06,5.53,5.93
S180698,Corcoran,,,,,,,,,,,,,,,,,
S180699,Corcoran,6,6,3,8,3,8,4,4,8,1,1,1,0,4.39,5.04,5.44,5.52
S180700,Corcoran,7,7,3,9,3,9,4,4,8,1,1,1,0,4.12,4.07,5.25,4.95
S180701,Corcoran,4,4,5,8,5,8,4,4,8,1,1,1,0,3.24,3.91,4.51,4.67
S180702,Corcoran,5,5,4,8,4,8,4,4,8,1,1,1,0,4.72,5.5,6.26,5.95
S180703,Corcoran,5,4,4,8,4,7,4,4,8,1,1,1,0,3.71,4.33,4.92,5.21
S180704,Corcoran,5,6,3,8,3,9,4,4,8,1,1,1,0,2.97,3.14,3.73,4.47
S180705,Corcoran,5,5,5,9,5,9,4,4,8,1,1,1,0,3.37,3.88,5.02,4.99
S180706,Corcoran,,,,,,,,,,,,,,,,,
S180707,Corcoran,,,,,,,,,,,,,,,,,
S180708,Corcoran,5,5,3,7,3,7,4,4,8,1,1,1,0,2.76,3.48,4.34,4.39
S180709,Corcoran,7,6,2,8,3,8,4,4,8,1,1,1,0,2.74,2.97,4.03,4.29
S180201,Echo,5,6,3,7,3,8,3,3,6,1,1,1,0,NA,NA,0,0
S180202,Echo,4,4,4,7,4,7,3,3,6,1,1,1,0,3.06,3.6,0,0
S180203,Echo,5,5,3,7,3,7,3,3,6,1,1,1,0,3.67,4.09,0,0
S180204,Echo,6,5,3,8,3,7,3,3,6,1,1,1,0,3.99,4.54,0,0
S180205,Echo,4,4,4,7,4,7,3,3,6,1,1,1,0,3.83,4.67,0,0
S180206,Echo,3,4,4,6,4,7,3,3,6,1,1,1,0,3.12,3.7,0,0
S180207,Echo,3,3,5,7,5,7,3,3,6,1,1,1,0,3.42,3.79,0,0
S180208,Echo,4,4,4,7,4,7,3,3,6,1,1,1,0,3.21,3.83,0,0
S180209,Echo,5,5,3,7,4,8,3,3,6,1,1,1,0,2.78,3.66,0,0
S180210,Echo,4,4,4,7,4,7,3,3,6,1,1,1,0,3.49,3.72,0,0
S180211,Echo,4,4,4,7,4,7,3,3,6,1,1,1,0,3.06,3.37,0,0
S180212,Echo,3,4,5,7,4,7,3,3,6,1,1,1,0,3.61,3.92,0,0
S180213,Echo,3,3,5,7,5,7,3,3,6,1,1,1,0,2.92,3.28,0,0
S180214,Echo,4,4,4,7,4,7,3,3,6,1,1,1,0,NA,3.49,0,0
S180215,Echo,5,4,4,8,4,7,3,3,6,1,1,1,0,NA,3.33,0,0
S180216,Echo,4,4,4,7,4,7,3,3,6,1,1,1,0,NA,3.65,0,0
S180217,Echo,3,3,5,7,5,7,3,3,6,1,1,1,0,3.75,4.29,0,0
S180218,Echo,6,6,2,7,2,7,3,3,6,1,1,1,0,2.89,3.58,0,0
S180219,Echo,4,4,4,7,4,7,3,3,6,1,1,1,0,3.14,3.63,0,0
S180220,Echo,5,5,3,7,3,7,3,3,6,1,1,1,0,3.12,3.58,0,0
S180221,Echo,5,3,3,7,5,7,3,3,6,1,1,1,0,3.41,5.65,0,0
S180222,Echo,4,4,4,7,4,7,3,3,6,1,1,1,0,2.65,3.09,0,0
S180223,Echo,4,4,4,7,4,7,3,3,6,1,1,1,0,3.54,3.86,0,0
S180224,Echo,4,4,4,7,4,7,3,3,6,1,1,1,0,3.53,4.47,0,0
S180225,Echo,4,5,4,7,4,8,3,3,6,1,1,1,0,3.74,4.93,0,0
S180226,Echo,4,4,4,7,4,7,4,4,8,1,1,1,0,3.31,3.63,3.53,3.93
S180227,Echo,3,3,5,7,5,7,3,3,6,1,1,1,0,3.07,4.01,0,0
S180228,Echo,4,4,4,7,4,7,3,3,6,1,1,1,0,3.34,3.58,0,0
S180361,Engineer,,,,,,,,,,,,,,,,,
S180362,Engineer,,,,,,,,,,,,,,,,,
S180363,Engineer,,,,,,,,,,,,,,,,,
S180364,Engineer,,,,,,,,,,,,,,,,,
S180365,Engineer,,,,,,,,,,,,,,,,,
S180366,Engineer,,,,,,,,,,,,,,,,,
S180367,Engineer,,,,,,,,,,,,,,,,,
S180368,Engineer,,,,,,,,,,,,,,,,,
S180369,Engineer,,,,,,,,,,,,,,,,,
S180370,Engineer,,,,,,,,,,,,,,,,,
S180371,Engineer,4,4,4,7,4,7,4,4,8,1,1,1,0,3.61,4.93,3.83,4.19
S180372,Engineer,5,5,4,8,4,8,4,4,8,1,1,1,0,3.32,3.78,3.85,4.36
S180373,Engineer,4,4,4,7,4,7,4,4,8,1,1,1,0,4.19,4.63,3.92,4.1
S180374,Engineer,4,3,4,7,5,7,4,4,8,1,1,1,0,4.1,4.47,4.39,4.77
S180375,Engineer,6,5,3,8,3,7,4,4,8,1,1,1,0,3.9,4.57,5.64,5.44
S180376,Engineer,4,5,4,7,3,7,4,4,8,1,1,1,0,3.64,4.2,4.78,4.67
S180377,Engineer,6,6,3,8,3,8,4,4,8,1,1,1,0,2.68,3.42,3.82,NA
S180378,Engineer,4,4,4,7,4,7,4,4,8,1,1,1,0,3.13,3.63,3.9,3.85
S180379,Engineer,6,6,3,8,3,8,4,4,8,1,1,1,0,3.61,3.97,4.46,4.35
S180380,Engineer,5,5,3,7,3,7,4,4,8,1,1,1,0,3.35,4.34,4.89,4.78
S180381,Engineer,7,7,4,10,3,9,4,4,8,1,1,1,0,4.09,4.63,NA,5.66
S180382,Engineer,5,6,3,7,2,7,4,4,8,1,1,1,0,3.79,3.89,4.91,4.83
S180383,Engineer,5,4,4,8,4,7,4,4,8,1,1,1,0,3.63,4.09,5.34,3.96
S180384,Engineer,5,6,4,8,4,9,4,4,8,1,1,1,0,3.82,4.51,5.35,4.94
S180385,Engineer,4,5,4,7,3,7,4,4,8,1,1,1,0,3.05,3.84,4.08,3.79
S180386,Engineer,5,5,4,8,4,8,4,4,8,1,1,1,0,3.01,3.74,4.79,4.96
S180387,Engineer,6,6,3,8,3,8,4,4,8,1,1,1,0,NA,3.71,4.12,4.33
S180388,Engineer,4,4,4,7,4,7,4,4,8,1,1,1,0,3.15,3.87,3.55,3.96
S180389,Engineer,5,5,3,7,3,7,4,4,8,1,1,1,0,3.7,4.27,4.96,5.2
S180390,Engineer,4,4,4,7,4,7,4,4,8,1,1,1,0,NA,3.95,4.63,4.5
S180461,Engineer,,,,,,,,,,,,,,,,,
S180462,Engineer,,,,,,,,,,,,,,,,,
S180463,Engineer,,,,,,,,,,,,,,,,,
S180464,Engineer,5,5,3,7,3,7,4,4,8,1,1,1,0,3.22,3.73,3.81,3.65
S180465,Engineer,6,5,3,8,4,8,4,4,8,1,1,1,0,NA,3.71,4.92,5.07
S180466,Engineer,,,,,,,,,,,,,,,,,
S180467,Engineer,5,5,3,7,3,7,4,4,8,1,1,1,0,3.45,3.44,3.61,3.91
S180468,Engineer,,,,,,,,,,,,,,,,,
S180469,Engineer,4,4,4,7,4,7,4,4,8,1,1,1,0,2.9,3.56,4.07,NA
S180470,Engineer,5,4,3,7,4,7,4,4,8,1,1,1,0,2.96,3.67,4.36,4.92
S180471,Engineer,4,5,4,7,3,7,4,4,8,1,1,1,0,3.78,4.03,NA,4.16
S180472,Engineer,,,,,,,,,,,,,,,,,
S180473,Engineer,,,,,,,,,,,,,,,,,
S180474,Engineer,,,,,,,,,,,,,,,,,
S180475,Engineer,,,,,,,,,,,,,,,,,
S180476,Engineer,6,7,3,8,2,8,4,4,8,1,1,1,0,3.28,4.19,4.55,4.48
S180477,Engineer,4,5,4,7,3,7,4,4,8,1,1,1,0,3.03,3.45,3.72,3.62
S180478,Engineer,4,4,4,7,4,7,4,4,8,1,1,1,0,3.26,4.24,NA,NA
S180479,Engineer,4,4,4,7,4,7,4,4,8,1,1,1,0,NA,4.49,4.14,4.31
S180480,Engineer,5,6,4,8,3,8,4,4,8,1,1,1,0,4.36,4.11,4.99,4.92
S180481,Engineer,5,5,3,7,3,7,4,4,8,1,1,1,0,2.27,3.01,4.15,4.09
S180482,Engineer,5,5,3,7,3,7,4,4,8,1,1,1,0,NA,3.63,3.7,NA
S180483,Engineer,4,4,4,7,4,7,4,4,8,1,1,1,0,3.07,3.8,3.46,3.62
S180484,Engineer,4,4,5,8,4,7,4,3,7,1,1,0,0,3.72,4.41,5.26,0
S180485,Engineer,5,5,4,8,4,8,4,4,8,1,1,1,0,2.64,3.29,3.77,3.68
S180486,Engineer,5,5,3,7,3,7,4,4,8,1,1,1,0,3.66,3.97,4.19,4.52
S180487,Engineer,4,5,4,7,4,8,4,4,8,1,1,1,0,3.09,3.6,4.1,4.04
S180488,Engineer,4,4,5,8,5,8,4,4,8,1,1,1,0,2.89,3.71,4.16,4.21
S180489,Engineer,5,6,3,7,3,8,4,4,8,1,1,1,0,3.01,3.54,3.73,NA
S180490,Engineer,4,4,4,7,4,7,4,4,8,1,1,1,0,NA,3.88,4,3.93
S180778,Finger,5,6,4,8,3,8,4,4,8,1,1,1,0,3.44,4.1,4.77,4.95
S180779,Finger,5,5,3,7,3,7,4,4,8,1,1,1,0,3.27,3.79,5.26,5.71
S180780,Finger,6,5,2,7,3,7,4,4,8,1,1,1,0,3.8,4.32,5.18,5.3
S180781,Finger,5,5,4,8,3,7,4,4,8,1,1,1,0,3.99,4.37,5.55,5.26
S180782,Finger,5,6,4,8,3,8,4,4,8,1,1,1,0,3.2,3.72,4.22,4.49
S180783,Finger,5,6,3,7,3,8,4,4,8,1,1,1,0,2.56,3.3,3.89,3.92
S180784,Finger,5,6,4,8,3,8,4,4,8,1,1,1,0,4,4.34,4.95,5.35
S180785,Finger,5,6,3,7,2,7,4,4,8,1,1,1,0,NA,2.71,3.92,3.49
S180786,Finger,,,,,,,,,,,,,,,,,
S180787,Finger,,,,,,,,,,,,,,,,,
S180788,Finger,,,,,,,,,,,,,,,,,
S180789,Finger,,,,,,,,,,,,,,,,,
S180790,Finger,6,7,2,7,2,8,4,4,8,1,1,1,0,3.64,3.93,4.75,5.3
S180791,Finger,5,5,4,8,3,7,4,4,8,1,1,1,0,3.06,3.53,4.09,4.55
S180826,Finger,7,6,2,8,3,8,4,4,8,1,1,1,0,4.09,4.12,4.76,5.09
S180827,Finger,5,7,3,7,2,8,4,4,8,1,1,1,0,2.12,2.37,4.2,4.34
S180828,Finger,6,6,3,8,3,8,4,4,8,1,1,1,0,3.78,4.6,4.46,5.11
S180829,Finger,4,6,4,7,3,8,4,4,8,1,1,1,0,3.17,4.25,4.37,4.97
S180830,Finger,6,5,3,8,3,7,4,4,8,1,1,1,0,4.66,5.16,5.46,5.81
S180831,Finger,6,7,3,8,2,8,4,4,8,1,1,1,0,3.33,4.14,4.16,4.2
S180832,Finger,6,6,3,8,3,8,4,4,8,1,1,1,0,2.84,3.2,4.71,4.37
S180833,Finger,5,5,4,8,4,8,4,4,8,1,1,1,0,3.72,3.99,4.86,4.96
S180834,Finger,5,5,3,7,3,7,4,4,8,1,1,1,0,3.48,3.82,5.29,4.92
S180835,Finger,7,7,2,8,2,8,4,4,8,1,1,1,0,4.32,4.66,6.13,6.25
S180836,Finger,,,,,,,,,,,,,,,,,
S180837,Finger,,,,,,,,,,,,,,,,,
S180838,Finger,,,,,,,,,,,,,,,,,
S180839,Finger,,,,,,,,,,,,,,,,,
S180840,Finger,,,,,,,,,,,,,,,,,
S180841,Finger,,,,,,,,,,,,,,,,,
S180842,Finger,,,,,,,,,,,,,,,,,
S180843,Finger,,,,,,,,,,,,,,,,,
S180844,Finger,6,5,3,8,4,8,4,4,8,1,1,1,0,3.17,3.37,4.36,4.7
S180845,Finger,6,6,3,8,3,8,4,4,8,1,1,1,0,2.65,2.93,4.2,4.26
S180846,Finger,5,5,3,7,3,7,4,4,8,1,1,1,0,NA,3.46,4.52,4.82
S180847,Finger,7,7,2,8,2,8,4,4,8,1,1,1,0,NA,2.74,3.48,3.38
S180848,Finger,,,,,,,,,,,,,,,,,
S180850,Finger,,,,,,,,,,,,,,,,,
S180851,Finger,,,,,,,,,,,,,,,,,
S180852,Finger,,,,,,,,,,,,,,,,,
S180853,Finger,5,5,3,7,3,7,4,4,8,1,1,1,0,2.44,3.57,3.97,4.28
S180854,Finger,6,6,3,8,3,8,4,4,8,1,1,1,0,4.58,5.39,5.86,
S180855,Finger,6,5,3,8,4,8,4,4,8,1,1,1,0,2.63,2.76,3.4,4.01
S180856,Finger,6,7,3,8,2,8,4,4,8,1,1,1,0,3.39,3.68,3.86,4.11
S180857,Finger,7,7,2,8,2,8,4,4,8,1,1,1,0,3.75,4.56,5.14,4.56
S180858,Finger,6,6,3,8,3,8,4,4,8,1,1,1,0,2.71,3.15,4.74,4.38
S180859,Finger,5,5,4,8,4,8,4,4,8,1,1,1,0,2.55,3.42,4.28,4.07
S180860,Finger,5,5,3,7,3,7,4,4,8,1,1,1,0,3.24,3.56,4.62,4.87
S180861,Finger,4,4,4,7,4,7,4,4,8,1,1,1,0,2.65,2.96,3.85,4.03
S180862,Finger,5,5,3,7,3,7,4,4,8,1,1,1,0,2.4,2.72,3.7,3.8
S180863,Finger,6,4,3,8,4,7,4,4,8,1,1,1,0,1.38,2.46,3.94,3.86
S180864,Finger,,,,,,,,,,,,,,,,,
S180993,Finger,,,,,,,,,,,,,,,,,
S180994,Finger,7,6,2,8,3,8,4,4,8,1,1,1,0,3.02,3.66,4.65,4.95
S180995,Finger,7,6,2,8,2,7,4,4,8,1,1,1,0,3.97,4.95,6.11,6.15
S180996,Finger,6,5,2,7,3,7,4,4,8,1,1,1,0,3.23,3.17,4.74,4.56
S180997,Finger,6,7,2,7,2,8,4,4,8,1,1,1,0,3.31,3.71,4.52,4.33
S180998,Finger,8,8,1,8,1,8,4,4,8,1,1,1,0,NA,2.74,3.64,3.46
S180999,Finger,6,6,3,8,3,8,4,4,8,1,1,1,0,2.7,3.53,4.77,4.63
S181000,Finger,6,6,3,8,3,8,4,4,8,1,1,1,0,3.45,3.43,4.81,5
S180001,G,5,5,4,8,4,8,1,1,2,1,1,1,0,4.04,4.55,0,0
S180002,G,6,5,2,7,3,7,2,3,5,1,1,1,0,3.92,4.45,0,0
S180003,G,4,6,4,7,3,8,1,2,3,1,1,1,0,3.75,4.1,0,0
S180004,G,4,7,4,7,2,8,1,1,2,1,1,1,0,4.15,4.6,0,0
S180005,G,6,5,4,9,3,7,3,3,6,1,1,1,0,3.2,3.77,0,0
S180006,G,4,4,5,8,4,7,3,3,6,1,1,1,0,3.4,3.5,0,0
S180007,G,6,4,3,8,7,4,3,3,6,1,1,1,0,3.28,3.65,0,0
S180008,G,5,5,3,7,3,7,2,2,4,1,1,1,0,3.6,4.03,0,0
S180009,G,4,4,4,7,4,7,2,2,4,1,1,1,0,2.63,3.48,0,0
S180010,G,6,5,3,8,3,7,3,3,6,1,1,1,0,3.83,4.81,0,0
S180011,G,,,,,,,,,,,,,,,,,
S180012,G,4,4,4,7,4,7,1,1,2,1,1,1,0,3.91,3.93,0,0
S180013,G,4,4,4,7,4,7,1,1,2,1,1,1,0,3.73,3.67,0,0
S180014,G,4,5,4,7,4,8,2,2,4,1,1,1,0,2.65,4.53,0,0
S180015,G,3,3,5,7,5,7,1,1,2,1,1,1,0,3.63,4.41,0,0
S180016,G,,,,,,,,,,,,,,,,,
S180017,G,5,5,4,8,4,8,3,3,6,1,1,1,0,3.61,3.84,0,0
S180018,G,5,4,3,7,4,7,1,1,2,1,1,1,0,3.79,4.14,0,0
S180019,G,2,3,5,6,4,6,2,2,4,1,1,1,0,3.74,4,0,0
S180020,G,5,6,4,8,3,8,2,2,4,1,1,1,0,4.03,4.89,0,0
S180021,G,,,,,,,,,,,,,,,,,
S180022,G,,,,,,,,,,,,,,,,,
S180023,G,,,,,,,,,,,,,,,,,
S180024,G,,,,,,,,,,,,,,,,,
S180025,G,,,,,,,,,,,,,,,,,
S180026,G,,,,,,,,,,,,,,,,,
S180027,G,,,,,,,,,,,,,,,,,
S180028,G,,,,,,,,,,,,,,,,,
S180029,G,,,,,,,,,,,,,,,,,
S180030,G,,,,,,,,,,,,,,,,,
S180031,G,,,,,,,,,,,,,,,,,
S180032,G,,,,,,,,,,,,,,,,,
S180033,G,,,,,,,,,,,,,,,,,
S180034,G,,,,,,,,,,,,,,,,,
S180035,G,,,,,,,,,,,,,,,,,
S180036,G,,,,,,,,,,,,,,,,,
S180037,G,,,,,,,,,,,,,,,,,
S180038,G,4,4,5,8,4,7,3,3,6,1,1,1,0,3.85,4.63,0,0
S180039,G,,,,,,,,,,,,,,,,,
S180040,G,,,,,,,,,,,,,,,,,
S180041,G,7,6,2,8,2,7,1,1,2,1,1,1,0,3.54,4.55,0,0
S180042,G,4,4,4,7,4,7,2,2,4,1,1,0,0,3.42,3.41,0,0
S180043,G,,,,,,,,,,,,,,,,,
S180044,G,4,5,4,7,3,7,1,1,2,1,1,1,0,3.82,4.29,0,0
S180045,G,,,,,,,,,,,,,,,,,
S180046,G,3,3,5,7,5,7,2,2,4,1,1,1,0,3.45,4.15,0,0
S180047,G,6,6,3,8,3,8,3,3,6,1,1,1,0,3.9,4.63,0,0
S180048,G,6,5,3,8,3,7,2,2,4,1,1,1,0,3.76,3.85,0,0
S180049,G,,,,,,,,,,,,,,,,,
S180050,G,,,,,,,,,,,,,,,,,
S180051,G,4,4,4,7,4,7,2,2,4,1,1,1,0,3.5,3.9,0,0
S180052,G,5,5,4,8,4,8,2,2,4,1,1,1,0,2.44,4.88,0,0
S180053,G,5,6,4,8,4,9,3,3,6,1,1,1,0,4.19,4.76,0,0
S180054,G,3,6,5,7,3,8,2,2,4,1,1,1,0,3.42,4.69,0,0
S180055,G,4,4,4,7,4,7,2,2,4,1,1,1,0,4.26,4.66,0,0
S180056,G,6,7,3,8,2,8,2,2,4,1,1,1,0,3.99,4.63,0,0
S180057,G,,,,,,,,,,,,,,,,,
S180058,G,6,5,3,8,4,8,3,3,6,1,1,1,0,2.43,4.14,0,0
S180059,G,,,,,,,,,,,,,,,,,
S180060,G,7,6,2,8,3,8,2,2,4,1,1,1,0,4.73,4.89,0,0
S180061,G,,,,,,,,,,,,,,,,,
S180062,G,4,4,4,7,4,7,2,2,4,1,1,1,0,3.68,3.96,0,0
S180063,G,5,4,4,8,4,7,2,2,4,0,0,0,0,0,0,0,0
S180064,G,,,,,,,,,,,,,,,,,
S180065,G,6,4,3,8,5,8,2,2,4,0,0,0,0,0,0,0,0
S180066,G,,,,,,,,,,,,,,,,,
S180067,G,,,,,,,,,,,,,,,,,
S180068,G,,,,,,,,,,,,,,,,,
S180069,G,6,4,4,9,4,7,3,3,6,1,1,1,0,3.35,4.32,0,0
S180070,G,4,4,4,7,4,7,3,3,6,1,1,1,0,3.71,4.05,0,0
S180091,G,3,3,5,7,5,7,1,1,2,1,1,1,0,2.93,4.05,0,0
S180092,G,3,4,5,7,4,7,1,1,2,1,1,1,0,3.72,3.56,0,0
S180093,G,4,5,4,7,3,7,3,3,6,1,1,1,0,4.29,4.83,0,0
S180094,G,3,4,5,7,4,7,3,3,6,1,1,1,0,4.56,5.23,0,0
S180095,G,3,4,5,7,4,7,3,3,6,1,1,1,0,3.89,4.22,0,0
S180096,G,4,3,4,7,5,7,3,3,6,1,1,1,0,3.41,4.16,0,0
S180097,G,3,4,5,7,4,7,1,1,2,1,1,1,0,4.85,5.4,0,0
S180098,G,3,4,5,7,4,7,1,1,2,1,1,1,0,3.36,4.1,0,0
S180099,G,5,4,4,8,4,7,2,2,4,1,1,1,0,3.92,4.74,0,0
S180100,G,4,7,4,7,2,8,1,1,2,1,1,1,0,4.42,5.4,0,0
S180071,G ,6,5,2,7,4,8,1,1,2,1,1,1,0,4.59,4.7,0,0
S180072,G ,,,,,,,,,,,,,,,,,
S180073,G ,6,6,3,8,3,8,3,3,6,1,1,1,0,3.63,4.3,0,0
S180074,G ,4,6,4,7,3,8,1,1,2,1,1,0,0,3.52,4.09,0,0
S180075,G ,3,3,5,7,5,7,3,3,6,1,1,1,0,4.5,5.55,0,0
S180076,G ,6,6,3,8,3,8,2,2,4,1,1,1,0,3.74,4,0,0
S180077,G ,6,4,8,3,4,7,2,2,4,1,1,1,0,4.1,4.52,0,0
S180078,G ,3,4,5,7,4,7,1,1,2,1,1,1,0,NA,4.4,0,0
S180079,G ,5,5,3,7,3,7,2,2,4,1,1,1,0,4,4.47,0,0
S180080,G ,4,4,4,7,4,7,2,2,4,1,1,0,0,3.95,4.41,0,0
S180081,G ,3,3,4,6,5,7,1,1,2,1,1,1,0,2.55,4.1,0,0
S180082,G ,6,6,3,8,3,8,3,3,6,1,1,0,0,3.99,4.68,0,0
S180083,G ,4,4,4,7,4,7,3,3,6,1,1,1,0,3.62,4.47,0,0
S180084,G ,7,7,2,8,2,8,2,2,4,1,1,1,0,4.13,4.57,0,0
S180085,G ,5,5,4,8,4,8,1,1,2,1,1,1,0,4.46,4.8,0,0
S180086,G ,4,4,4,7,4,7,2,2,4,1,1,1,1,3.03,3.24,0,0
S180087,G ,5,5,3,7,2,6,1,2,3,1,1,1,0,3.98,4.36,0,0
S180088,G ,4,4,5,8,5,7,2,2,4,1,1,1,0,3.48,4.36,0,0
S180089,G ,5,4,3,7,4,7,2,1,3,1,1,1,0,3.2,3.52,0,0
S180090,G ,5,6,3,7,3,8,3,3,6,1,1,1,1,3.73,4.25,0,0
S180351,Jean,,,,,,,,,,,,,,,,,
S180352,Jean,,,,,,,,,,,,,,,,,
S180353,Jean,,,,,,,,,,,,,,,,,
S180354,Jean,,,,,,,,,,,,,,,,,
S180355,Jean,,,,,,,,,,,,,,,,,
S180356,Jean,,,,,,,,,,,,,,,,,
S180357,Jean,,,,,,,,,,,,,,,,,
S180358,Jean,,,,,,,,,,,,,,,,,
S180359,Jean,,,,,,,,,,,,,,,,,
S180360,Jean,,,,,,,,,,,,,,,,,
S180391,Jean,7,6,2,8,3,8,4,4,8,1,1,1,0,3.28,3.61,5.06,4.67
S180392,Jean,6,7,2,7,2,8,4,4,8,1,1,1,0,3,3.6,4.76,4.43
S180393,Jean,5,4,4,8,4,7,4,4,8,1,1,1,0,3.65,3.72,3.96,4.04
S180394,Jean,,,,,,,,,,,,,,,,,
S180395,Jean,7,7,2,8,8,2,4,4,8,1,1,1,0,2.83,3.16,4.43,4.58
S180396,Jean,6,6,3,8,3,8,4,4,8,1,1,1,0,2.33,3.42,4.62,4.06
S180397,Jean,6,6,3,8,3,8,4,4,8,1,1,1,0,3.69,4.03,4.84,4.69
S180398,Jean,7,7,2,8,2,8,4,4,8,1,1,1,0,3.25,4.25,5.53,5.55
S180399,Jean,6,6,3,8,3,8,4,4,8,1,1,1,0,2.87,2.81,4.05,3.55
S180400,Jean,6,7,3,8,2,8,4,4,8,1,1,1,0,2.94,3.67,4.64,4.29
S180401,Jean,,,,,,,,,,,,,,,,,
S180402,Jean,,,,,,,,,,,,,,,,,
S180403,Jean,,,,,,,,,,,,,,,,,
S180404,Jean,,,,,,,,,,,,,,,,,
S180405,Jean,,,,,,,,,,,,,,,,,
S180406,Jean,,,,,,,,,,,,,,,,,
S180407,Jean,,,,,,,,,,,,,,,,,
S180408,Jean,,,,,,,,,,,,,,,,,
S180409,Jean,,,,,,,,,,,,,,,,,
S180410,Jean,,,,,,,,,,,,,,,,,
S180491,Jean,7,6,2,8,3,8,4,4,8,1,1,1,0,NA,4.47,4.82,4.46
S180492,Jean,4,5,4,7,3,7,4,4,8,1,1,1,0,3.08,3.53,4.29,4.21
S180493,Jean,4,5,4,7,4,8,4,4,8,1,1,1,0,3.93,5.1,5.81,5.36
S180494,Jean,,,,,,,,,,,,,,,,,
S180495,Jean,5,5,3,7,3,7,4,4,8,1,1,1,0,2.93,3.33,3.72,3.63
S180496,Jean,4,5,4,7,3,7,4,4,8,1,1,1,0,3.96,4.53,4.94,5.19
S180497,Jean,5,6,4,8,3,8,4,4,8,1,1,1,0,2.67,3.59,4.56,4.45
S180498,Jean,5,6,4,8,3,8,4,4,8,1,1,1,0,3.15,3.51,4.45,4.82
S180499,Jean,4,5,4,7,4,8,4,4,8,1,1,1,0,3.08,4.19,4.57,4.86
S180500,Jean,5,5,4,8,4,8,4,4,8,1,1,1,0,3.26,3.46,4.42,4.35
S180501,Jean,6,6,4,9,3,8,4,4,8,1,1,1,0,3.5,4.07,5.09,5.37
S180502,Jean,5,4,3,7,4,7,4,4,8,1,1,1,0,3.84,4.11,4.46,4.61
S180503,Jean,4,4,5,8,5,8,4,4,8,1,1,1,0,2.55,3.85,4.83,5.16
S180504,Jean,6,6,3,8,3,8,4,4,8,1,1,1,0,3.67,3.73,4.06,4.46
S180505,Jean,7,6,2,8,2,7,4,4,8,1,1,1,0,2.69,2.91,4.03,3.91
S180506,Jean,6,5,4,9,5,9,4,4,8,1,1,1,0,3.05,4.02,5.22,5.15
S180507,Jean,5,6,3,7,3,8,4,4,8,1,1,1,0,3.18,4.07,4.67,4.91
S180508,Jean,7,7,2,8,2,8,4,4,8,1,1,1,0,3.76,4.36,5.86,5.49
S180509,Jean,5,5,3,7,3,7,4,4,8,1,1,1,0,2.81,3.31,3.93,4.12
S180510,Jean,,,,,,,,,,,,,,,,,
S180511,Jean,4,5,4,7,4,8,4,4,8,1,1,1,0,3.65,4.95,4.8,4.91
S180512,Jean,4,4,5,8,5,8,4,4,8,1,1,1,0,3.64,4.58,5.12,5.29
S180513,Jean,5,4,4,8,4,7,4,4,8,1,1,1,0,2.97,3.75,4.09,4.26
S180514,Jean,5,4,5,9,5,8,4,4,8,1,1,1,0,3,3.49,4.44,4.91
S180515,Jean,6,6,1,7,1,7,4,4,8,1,1,1,0,2.86,3.22,4.32,4.46
S180516,Jean,6,6,3,8,3,8,4,4,8,1,1,1,0,3.82,4.25,5.61,5.27
S180517,Jean,6,6,3,8,3,8,4,4,8,1,1,1,0,3.06,3.54,4.54,4.49
S180518,Jean,5,5,3,7,3,7,4,4,8,1,1,1,0,3.16,3.55,4.66,4.29
S180519,Jean,5,5,4,8,3,7,4,4,8,1,1,1,0,3.32,3.42,4.73,4.56
S180520,Jean,6,6,3,8,3,8,4,4,8,1,1,1,0,3.54,4.69,4.62,5.12
S180710,Long,,,,,,,,,,,,,,,,,
S180711,Long,7,7,2,8,2,8,4,4,8,1,1,1,0,3.22,3.83,4.9,4.86
S180712,Long,6,6,2,7,2,7,4,4,8,1,1,1,0,NA,NA,5.86,NA
S180713,Long,7,6,2,8,3,8,4,4,8,1,1,1,0,3.32,3.66,4.87,4.89
S180714,Long,5,5,3,7,3,7,4,4,8,1,1,1,0,3.74,4.13,4.54,4.91
S180715,Long,5,6,3,7,3,8,4,4,8,1,1,1,0,3.23,4.11,4.87,4.61
S180716,Long,6,7,3,8,2,8,4,4,8,1,1,1,0,3.44,4.04,5.46,5.44
S180717,Long,5,6,3,7,2,7,4,4,8,1,1,1,0,3.46,4.2,4.88,5.05
S180718,Long,6,6,3,8,2,7,4,4,8,1,1,1,0,3.87,4.28,5.76,5.69
S180719,Long,7,6,1,7,2,7,4,4,8,1,1,1,0,4.36,4.89,6.22,4.82
S180720,Long,5,6,3,7,2,7,4,4,8,1,1,1,0,3.89,4.47,4.99,5.24
S180721,Long,7,4,2,8,4,7,4,4,8,1,1,1,0,3.77,4.25,5.3,5.49
S180722,Long,,,,,,,,,,,,,,,,,
S180723,Long,,,,,,,,,,,,,,,,,
S180724,Long,,,,,,,,,,,,,,,,,
S180725,Long,,,,,,,,,,,,,,,,,
S180726,Long,,,,,,,,,,,,,,,,,
S180727,Long,,,,,,,,,,,,,,,,,
S180728,Long,,,,,,,,,,,,,,,,,
S180729,Long,,,,,,,,,,,,,,,,,
S180730,Long,5,5,3,8,3,8,4,4,8,1,1,1,0,3.61,4.33,4.95,5.23
S180731,Long,,,,,,,,,,,,,,,,,
S180732,Long,6,6,3,8,3,8,4,4,8,1,1,1,0,3.66,3.97,4,4.96
S180733,Long,,,,,,,,,,,,,,,,,
S180734,Long,,,,,,,,,,,,,,,,,
S180735,Long,9,7,0,8,2,8,4,4,8,1,1,1,0,2.79,2.78,3.94,3.83
S180736,Long,6,7,2,7,2,8,4,4,8,1,1,1,0,3.21,4.02,5.19,5.44
S180737,Long,6,6,2,7,2,7,4,4,8,1,1,1,0,3.88,4.03,5.36,5.38
S180738,Long,,,,,,,,,,,,,,,,,
S180739,Long,,,,,,,,,,,,,,,,,
S180740,Long,,,,,,,,,,,,,,,,,
S180741,Long,,,,,,,,,,,,,,,,,
S180742,Long,,,,,,,,,,,,,,,,,
S180743,Long,,,,,,,,,,,,,,,,,
S180744,Long,,,,,,,,,,,,,,,,,
S180745,Long,6,6,3,8,4,9,4,4,8,1,1,1,0,2.75,3.4,4.47,4.25
S180931,Long,,,,,,,,,,,,,,,,,
S180932,Long,5,4,3,7,4,7,4,4,8,1,1,1,0,4.12,4.35,5.36,5.18
S180933,Long,5,5,3,7,3,7,4,4,8,1,1,1,0,3.96,4.07,5.41,5.33
S180934,Long,,,,,,,,,,,,,,,,,
S180935,Long,7,7,2,8,2,8,4,4,8,1,1,1,0,3.24,3.48,4.58,4.5
S180936,Long,,,,,,,,,,,,,,,,,
S180937,Long,,,,,,,,,,,,,,,,,
S180938,Long,7,6,2,8,2,7,4,4,8,1,1,1,0,3.41,3.53,5.13,4.87
S180939,Long,,,,,,,,,,,,,,,,,
S180940,Long,,,,,,,,,,,,,,,,,
S180941,Long,,,,,,,,,,,,,,,,,
S180976,Long,7,6,2,8,3,8,4,4,8,1,1,1,0,3.57,4.14,4.81,4.63
S180977,Long,,,,,,,,,,,,,,,,,
S180978,Long,,,,,,,,,,,,,,,,,
S180979,Long,,,,,,,,,,,,,,,,,
S180980,Long,,,,,,,,,,,,,,,,,
S180981,Long,5,6,3,7,2,7,4,4,8,1,1,1,0,4.78,5.23,5.68,6.06
S180982,Long,5,5,3,7,3,7,4,4,8,1,1,1,0,3.34,3.62,4.76,5.02
S180983,Long,6,6,2,7,2,7,4,4,8,1,1,1,0,4.32,4.93,6.2,5.86
S180984,Long,6,7,3,8,1,7,4,4,8,1,1,1,0,3.33,3.33,5.43,5.26
S180985,Long,6,7,2,7,2,8,4,4,8,1,1,1,0,3.33,3.65,4.58,4.38
S180986,Long,6,6,2,7,2,7,4,4,8,1,1,1,0,4.55,4.58,5.19,5.31
S180987,Long,6,6,2,7,2,7,4,4,8,1,1,1,0,3.38,4.09,5.16,5.12
S180988,Long,7,7,2,8,2,8,4,4,8,1,1,1,0,3.34,3.86,4.98,4.94
S180989,Long,6,6,3,8,3,8,4,4,8,1,1,1,0,3.94,4.11,5.64,5.47
S180990,Long,8,7,2,9,3,9,4,4,8,1,1,1,0,3.02,3.43,4.18,4.3
S180991,Long,,,,,,,,,,,,,,,,,
S180992,Long,,,,,,,,,,,,,,,,,
S180229,Ruth,5,5,4,8,4,8,4,4,8,1,1,1,0,2.58,3.02,4.35,4.3
S180230,Ruth,5,5,3,7,3,7,4,4,8,1,1,1,0,NA,3.86,4.1,4.33
S180231,Ruth,6,6,3,8,3,8,4,4,8,1,1,1,0,3.87,4.29,4.54,4.58
S180232,Ruth,6,6,3,8,3,8,4,4,8,1,1,1,0,NA,3.31,4.27,4.42
S180233,Ruth,4,5,4,7,4,8,4,4,8,1,1,1,0,3.51,4.05,4.66,4.22
S180234,Ruth,4,4,4,7,4,7,4,4,8,1,1,1,0,2.46,3.82,3.62,3.87
S180235,Ruth,5,5,3,7,3,7,4,4,8,1,1,1,0,3.06,3.43,4.93,4.92
S180236,Ruth,4,4,4,7,4,7,4,4,8,1,1,1,0,3.15,4.6,4.49,4.81
S180237,Ruth,6,6,3,8,3,8,4,4,8,1,1,1,0,3.54,4.64,4.3,4.59
S180238,Ruth,5,5,3,7,3,7,4,4,8,1,1,1,0,3.71,NA,5.36,4.69
S180239,Ruth,6,7,3,8,2,8,4,4,8,1,1,1,0,3.42,3.87,4.21,4.65
S180240,Ruth,5,5,4,8,4,8,4,4,8,1,1,1,0,NA,5.1,3.75,5.42
S180241,Ruth,4,5,4,7,4,8,4,4,8,1,1,1,0,2.93,3.53,3.94,4.45
S180242,Ruth,4,6,4,7,3,8,3,4,7,1,1,1,0,2.17,2.23,3.49,0
S180243,Ruth,5,5,3,7,3,7,4,4,8,1,1,1,0,2.81,4.88,5.01,5.39
S180244,Ruth,5,4,3,7,4,7,4,4,8,1,1,1,0,2.83,5.12,4.4,4.74
S180245,Ruth,4,4,4,7,4,7,4,4,8,1,1,1,0,2.26,3.18,4.14,4.2
S180246,Ruth,,,,,,,,,,,,,,,,,
S180247,Ruth,5,6,3,7,3,8,4,4,8,1,1,1,0,2.89,3.21,4.23,4.66
S180248,Ruth,5,5,4,8,4,8,4,4,8,1,1,1,0,3.3,4.13,4.68,4.72
S180249,Ruth,,,,,,,,,,,,,,,,,
S180250,Ruth,5,4,3,7,4,7,4,4,8,1,1,1,0,3.26,3.74,4.59,4.09
S180251,Ruth,,,,,,,,,,,,,,,,,
S180252,Ruth,,,,,,,,,,,,,,,,,
S180253,Ruth,,,,,,,,,,,,,,,,,
S180254,Ruth,5,5,3,7,3,7,4,4,8,1,1,1,0,3.04,3.17,4.37,NA
S180255,Ruth,6,6,2,7,2,7,4,4,8,1,1,1,0,2.67,NA,4.23,3.99
S180256,Ruth,,,,,,,,,,,,,,,,,
S180257,Ruth,5,5,4,8,4,8,4,4,8,1,1,1,0,3.15,2.64,4.35,4.46
S180258,Ruth,5,5,3,7,3,7,4,4,8,1,1,1,0,2.73,3.31,4.55,4.62
S180259,Ruth,5,6,3,7,2,7,4,4,8,1,1,1,0,2.43,3.06,4.65,4.69
S180260,Ruth,4,4,4,7,4,7,4,4,8,1,1,1,1,2.11,2.47,3.33,3.55
S180261,Ruth,6,6,3,8,3,8,4,4,8,1,1,1,0,2.06,2.89,4.44,4.25
S180262,Ruth,4,6,4,7,3,8,4,4,8,1,1,1,0,3.33,3.3,4.29,4.44
S180263,Ruth,5,5,3,7,3,7,4,4,8,1,1,1,0,3.01,4.36,5.39,5.41
S180264,Ruth,6,5,3,8,4,8,4,4,8,1,1,1,0,3.27,3.87,4.21,4.38
S180265,Ruth,7,5,3,9,3,7,4,4,8,1,1,1,0,3.25,3.7,4.66,4.91
S180266,Ruth,5,5,3,7,3,7,4,4,8,1,1,1,0,3.11,4.59,3.5,3.78
S180267,Ruth,,,,,,,,,,,,,,,,,
S180268,Ruth,,,,,,,,,,,,,,,,,
S180269,Ruth,,,,,,,,,,,,,,,,,
S180270,Ruth,,,,,,,,,,,,,,,,,
S180271,Ruth,,,,,,,,,,,,,,,,,
S180272,Ruth,,,,,,,,,,,,,,,,,
S180273,Ruth,,,,,,,,,,,,,,,,,
S180274,Ruth,,,,,,,,,,,,,,,,,
S180275,Ruth,,,,,,,,,,,,,,,,,
S180276,Ruth,,,,,,,,,,,,,,,,,
S180277,Ruth,,,,,,,,,,,,,,,,,
S180278,Ruth,,,,,,,,,,,,,,,,,
S180279,Ruth,,,,,,,,,,,,,,,,,
S180280,Ruth,6,5,3,8,3,7,4,4,8,1,1,1,0,2.35,3.67,4.27,4.44
S180281,Ruth,5,6,3,7,3,8,4,4,8,1,1,1,0,2.89,3.55,4.69,4.58
S180282,Ruth,,,,,,,,,,,,,,,,,
S180283,Ruth,,,,,,,,,,,,,,,,,
S180284,Ruth,,,,,,,,,,,,,,,,,
S180285,Ruth,,,,,,,,,,,,,,,,,
S180286,Ruth,,,,,,,,,,,,,,,,,
S180287,Ruth,,,,,,,,,,,,,,,,,
S180288,Ruth,,,,,,,,,,,,,,,,,
S180289,Ruth,6,7,3,8,2,8,4,4,8,1,1,1,0,2.41,2.87,3.75,3.41
S180290,Ruth,5,6,4,8,3,8,4,4,8,1,1,1,0,2.32,3.36,3.87,3.96
S180291,Ruth,4,4,4,7,4,7,4,4,8,1,1,1,0,2.45,3.73,3.85,3.92
S180292,Ruth,4,5,4,7,4,8,4,4,8,1,1,1,0,3.25,3.05,4.47,4.08
S180293,Ruth,5,5,3,7,3,7,4,4,8,1,1,1,0,2.6,3.32,4.54,4.6
S180294,Ruth,5,5,3,7,3,7,4,4,8,1,1,1,0,3.59,3.83,3.96,4.11
S180295,Ruth,5,5,3,7,3,7,4,4,8,1,1,1,0,3.42,4.04,4.87,5.14
S180296,Ruth,5,5,3,7,3,7,4,4,8,1,1,1,1,3.27,3.52,4.51,4.81
S180297,Ruth,5,5,3,7,3,7,4,4,8,1,1,1,0,2.47,3.19,4.86,4.74
S180298,Ruth,4,4,4,7,4,7,4,4,8,1,1,1,0,2.9,3.28,4,4.23
S180299,Ruth,,,,,,,,,,,,,,,,,
S180300,Ruth,5,6,4,8,3,8,4,4,8,1,1,1,0,2.78,3.65,3.72,3.77
S180301,Ruth,,,,,,,,,,,,,,,,,
S180302,Ruth,5,5,4,8,3,7,4,4,8,1,1,1,0,1.51,3.15,3.82,NA
S180303,Ruth,,,,,,,,,,,,,,,,,
S180304,Ruth,,,,,,,,,,,,,,,,,
S180305,Ruth,,,,,,,,,,,,,,,,,
S180306,Ruth,4,5,4,7,3,7,4,4,8,1,1,1,0,4.48,4.94,NA,5.58
S180307,Ruth,,,,,,,,,,,,,,,,,
S180308,Ruth,,,,,,,,,,,,,,,,,
S180309,Ruth,,,,,,,,,,,,,,,,,
S180310,Ruth,5,5,3,7,3,7,4,4,8,1,1,1,0,3.24,4.07,4.41,4.55
S180311,Ruth,5,5,3,7,3,7,4,4,8,1,1,1,0,2.97,3.74,4.41,4.63
S180312,Ruth,7,5,2,8,3,7,4,4,8,1,1,1,0,2.77,3.07,4.11,4.12
S180313,Ruth,5,4,3,8,4,7,4,4,8,1,1,1,0,3.8,5.61,5.17,5.35
S180314,Ruth,5,4,4,8,4,7,4,4,8,1,1,1,0,2.42,3.28,3.88,3.95
S180315,Ruth,5,4,4,8,4,7,4,4,8,1,1,1,0,2.75,3.59,3.83,2.19
S180316,Ruth,6,6,3,8,2,7,4,4,8,1,1,1,0,2.8,3.9,5.04,5.07
S180317,Ruth,6,5,3,8,3,7,4,4,8,1,1,1,0,3.4,4.13,5.69,5.45
S180318,Ruth,5,4,4,8,4,8,4,4,8,1,1,1,0,4.18,5.33,5.78,5.83
S180319,Ruth,4,5,4,7,3,7,4,4,8,1,1,1,0,3.47,4.12,4.25,3.49
S180320,Ruth,,,,,,,,,,,,,,,,,
S180321,Ruth,,,,,,,,,,,,,,,,,
S180322,Ruth,6,6,2,7,3,8,4,4,8,1,1,1,0,3.42,4.22,5.42,5.54
S180323,Ruth,5,5,3,7,3,7,4,4,8,1,1,1,0,3.49,4.52,5.42,5.41
S180324,Ruth,,,,,,,,,,,,,,,,,
S180325,Ruth,7,6,2,8,3,8,4,4,8,1,1,1,0,3.43,4.09,4.77,4.96
S180326,Ruth,,,,,,,,,,,,,,,,,
S180327,Ruth,5,6,3,7,3,8,4,4,8,1,1,1,0,2.18,3.2,3.88,4.1
S180645,South_Rolly,5,5,3,7,3,7,4,4,8,1,1,1,0,3.05,4.26,4.66,4.45
S180646,South_Rolly,5,5,3,7,3,7,4,4,8,1,1,1,0,3.56,4.2,4.6,4.59
S180647,South_Rolly,6,6,3,8,3,8,4,4,8,1,1,1,0,3.43,3.79,4.81,4.76
S180648,South_Rolly,7,6,2,8,3,8,4,4,8,1,1,1,0,3.94,4.18,4.55,5.22
S180649,South_Rolly,6,6,2,7,2,7,4,4,8,1,1,1,0,3.43,3.63,4.43,4.73
S180650,South_Rolly,5,5,3,7,3,7,4,4,8,1,1,1,0,3.43,3.99,4.63,4.38
S180651,South_Rolly,4,4,5,8,5,8,4,4,8,1,1,1,0,3.13,3.9,4.64,4.45
S180652,South_Rolly,7,6,2,8,2,7,4,4,8,1,1,1,0,3.37,3.71,4.35,4.5
S180653,South_Rolly,6,6,3,8,3,8,4,4,8,1,1,1,0,2.28,3.19,4.04,3.86
S180654,South_Rolly,6,5,3,8,3,7,4,4,8,1,1,1,0,2.97,3.06,4.24,4.32
S180655,South_Rolly,7,7,2,8,2,8,4,4,8,1,1,1,0,2.94,3.21,4.24,4.33
S180656,South_Rolly,5,5,4,8,4,8,4,4,8,1,1,1,0,2.91,3.5,4.71,4.88
S180657,South_Rolly,7,7,2,8,2,8,4,4,8,1,1,1,0,3.03,3.2,4,3.88
S180658,South_Rolly,7,7,2,8,2,8,4,4,8,1,1,1,0,3.12,3.1,4.71,4.37
S180659,South_Rolly,6,6,3,8,3,8,4,4,8,1,1,1,0,3.12,3.54,5.05,4.74
S180660,South_Rolly,6,6,3,8,3,8,4,4,8,1,1,1,0,3.12,3.56,4.48,4.07
S180661,South_Rolly,7,7,2,8,2,8,4,4,8,1,1,1,0,3.8,4.33,5.16,4.78
S180662,South_Rolly,5,5,5,9,5,9,4,4,8,1,1,1,0,3.48,5.06,5.08,5.2
S180663,South_Rolly,5,6,3,7,2,7,4,4,8,1,1,1,0,3.22,3.51,4.41,4.55
S180664,South_Rolly,5,6,3,7,2,7,4,4,8,1,1,1,0,2.93,3.21,3.72,4.33
S180665,South_Rolly,5,6,3,7,2,7,4,4,8,1,1,1,0,3.38,3.48,4.8,4.58
S180666,South_Rolly,5,6,3,7,2,7,4,4,8,1,1,1,0,3.04,3.41,4.26,4.27
S180667,South_Rolly,5,5,3,7,3,7,4,4,8,1,1,1,0,NA,3.06,3.8,4.28
S180545,Spirit,,,,,,,,,,,,,,,,,
S180546,Spirit,,,,,,,,,,,,,,,,,
S180547,Spirit,,,,,,,,,,,,,,,,,
S180548,Spirit,,,,,,,,,,,,,,,,,
S180549,Spirit,,,,,,,,,,,,,,,,,
S180550,Spirit,,,,,,,,,,,,,,,,,
S180551,Spirit,,,,,,,,,,,,,,,,,
S180552,Spirit,5,4,3,7,4,7,3,3,6,1,1,1,1,2.19,2.27,0,0
S180553,Spirit,4,4,4,7,4,7,4,4,8,1,1,1,0,2.62,2.99,2.97,3.39
S180554,Spirit,5,4,3,7,5,8,4,4,8,1,1,1,0,1.19,2.72,1.9,1.8
S180555,Spirit,6,6,3,8,3,8,4,4,8,1,1,1,0,1.52,1.91,2.19,2.32
S180556,Spirit,4,4,4,7,4,7,4,4,8,1,1,1,0,2.14,2.49,3.38,3.22
S180557,Spirit,5,5,3,7,3,7,4,4,8,1,1,1,0,1.74,1.88,2.61,2.61
S180558,Spirit,7,6,2,8,2,7,4,4,8,1,1,1,0,1.34,1.73,2.61,2.77
S180559,Spirit,6,5,3,8,3,7,4,4,8,1,1,1,0,1.97,2.27,2.99,NA
S180560,Spirit,5,5,3,7,3,7,4,4,8,1,1,1,0,1.71,3.27,4.15,3.52
S180561,Spirit,4,4,4,7,4,7,4,4,8,1,1,1,0,NA,1.9,2.53,2.42
S180562,Spirit,7,7,2,8,2,8,4,4,8,1,1,1,0,NA,2.48,2.73,2.84
S180563,Spirit,4,4,4,7,4,7,4,4,8,1,1,1,0,2.09,2.37,3.65,3.6
S180564,Spirit,,,,,,,,,,,,,,,,,
S180565,Spirit,5,5,3,7,3,7,4,4,8,1,1,1,0,1.93,NA,3.2,3.02
S180566,Spirit,6,5,2,7,3,7,2,2,4,1,1,1,0,2.76,3.2,0,0
S180567,Spirit,4,5,4,7,3,7,4,4,8,1,1,1,0,1.41,2.09,0.91,0.94
S180568,Spirit,4,4,4,7,4,7,4,4,8,0,1,1,0,0,2.69,1.83,2.26
S180569,Spirit,6,6,3,8,3,8,4,4,8,1,1,1,0,NA,2.96,3.15,3.4
S180570,Spirit,,,,,,,,,,,,,,,,,
S180571,Spirit,5,4,4,8,4,7,4,4,8,1,1,1,0,1.94,2.15,2.96,3.15
S180572,Spirit,5,4,3,7,4,7,4,4,8,1,1,1,0,NA,2.09,NA,NA
S180573,Spirit,5,5,3,7,3,7,4,4,8,1,1,1,0,1.79,2.16,2.72,2.53
S180574,Spirit,,,,,,,,,,,,,,,,,
S180575,Spirit,4,4,4,7,4,7,4,4,8,1,1,1,0,2.01,2.27,2.85,2.76
S180576,Spirit,4,4,4,7,4,7,4,4,8,1,1,1,0,1.37,1.83,2.4,2.32
S180577,Spirit,5,5,3,7,3,7,4,4,8,1,1,1,0,2.23,2.72,1.65,1.44
S180578,Spirit,4,5,4,7,3,7,4,4,8,1,1,1,0,2.31,3.28,3.18,3.91
S180579,Spirit,,,,,,,,,,,,,,,,,
S180580,Spirit,,,,,,,,,,,,,,,,,
S180581,Spirit,5,5,3,7,3,7,4,4,8,1,1,1,0,1.57,1.88,2.66,2.9
S180582,Spirit,4,4,4,7,4,7,4,4,8,1,1,1,0,2.35,3.43,3.42,3.18
S180583,Spirit,4,4,4,7,4,7,4,4,8,1,1,1,0,2.62,2.88,2.57,2.98
S180584,Spirit,5,6,4,8,5,10,4,4,8,1,1,1,0,1.96,2.77,3.41,3.64
S180585,Spirit,5,4,4,8,4,7,4,4,8,1,1,1,0,2.45,2.86,3.7,3.61
S180586,Spirit,6,6,3,8,3,8,4,4,8,1,1,1,0,1.31,1.81,2.75,3
S180587,Spirit,4,5,4,3,3,7,4,4,8,1,1,1,0,2.33,2.22,3.13,3.35
S180588,Spirit,15,16,3,17,3,18,4,4,8,1,1,1,0,2.9,4.3,4.53,2.69
S180589,Spirit,5,5,3,7,3,7,4,4,8,1,1,1,0,2.8,3.81,3.62,3.81
S180590,Spirit,4,4,4,7,4,7,3,4,7,1,1,1,0,1.72,2.79,NA,2.62
S180591,Spirit,4,5,5,8,4,8,4,4,8,1,1,1,0,2.29,2.5,2.94,3.29
S180592,Spirit,5,5,3,7,3,7,3,4,7,1,1,1,0,1.83,3.33,NA,3.73
S180593,Spirit,,,,,,,,,,,,,,,,,
S180594,Spirit,4,5,4,7,3,7,4,4,8,1,1,1,0,1.49,2.46,2.7,2.96
S180328,Tern,6,6,3,8,3,8,4,4,8,1,1,1,0,4.19,4.65,5.41,6.13
S180329,Tern,8,7,2,9,2,8,4,4,8,1,1,1,0,4.34,4.78,6.19,6.11
S180330,Tern,8,8,2,9,2,9,4,4,8,1,1,1,0,2.85,2.99,4.32,4.43
S180331,Tern,8,8,2,9,3,10,4,4,8,1,1,1,0,2.21,2.72,3.93,NA
S180332,Tern,8,8,2,9,2,9,4,4,8,1,1,1,0,2.8,3.14,4.53,4.37
S180333,Tern,9,9,2,10,2,10,4,4,8,1,1,1,0,4.36,4.5,6.08,5.63
S180334,Tern,6,6,3,8,3,8,4,4,8,1,1,1,0,2.45,2.79,3.9,4.25
S180335,Tern,6,8,2,7,2,9,4,4,8,1,1,1,0,3.69,4.36,5.79,5.38
S180336,Tern,6,7,2,7,1,7,4,4,8,1,1,1,0,3.66,4.18,5.16,4.79
S180337,Tern,,,,,,,,,,,,,,,,,
S180338,Tern,,,,,,,,,,,,,,,,,
S180339,Tern,7,8,3,9,2,9,4,4,8,1,1,1,0,2.94,3.6,5.17,5.17
S180340,Tern,8,7,2,9,3,9,4,4,8,1,1,1,0,NA,4.02,5.4,5.19
S180531,Tern,7,7,2,8,2,8,4,4,8,1,1,1,0,3.37,3.84,4.84,4.6
S180532,Tern,6,7,3,8,3,9,4,4,8,1,1,1,0,1.96,2.53,3.84,3.72
S180533,Tern,,,,,,,,,,,,,,,,,
S180534,Tern,,,,,,,,,,,,,,,,,
S180535,Tern,5,5,4,8,4,8,4,4,8,1,1,1,0,1.65,2.43,2.89,3.67
S180536,Tern,6,6,3,8,3,8,4,4,8,1,1,1,0,3.39,4.13,5.36,5.24
S180537,Tern,,,,,,,,,,,,,,,,,
S180538,Tern,6,7,3,8,2,8,4,4,8,1,1,1,0,3.51,3.9,4.83,4.9
S180539,Tern,7,7,2,8,2,8,4,4,8,1,1,1,0,3.94,4.35,5.69,6.15
S180540,Tern,8,8,2,9,2,9,4,4,8,1,1,1,0,2.43,2.99,3.9,4.21
S180541,Tern,7,6,3,9,3,8,4,4,8,1,1,1,0,4.02,4.29,5.57,5.14
S180542,Tern,8,8,2,9,2,9,4,4,8,1,1,1,0,4.95,5.08,6.07,6.38
S180543,Tern,,,,,,,,,,,,,,,,,
S180544,Tern,6,6,3,8,3,8,4,4,8,1,1,1,0,NA,2.81,3.77,3.49
S180521,Tern ,,,,,,,,,,,,,,,,,
S180522,Tern ,8,7,3,10,3,9,4,4,8,1,1,1,0,2.47,2.81,3.98,3.99
S180523,Tern ,5,5,4,8,4,8,4,4,8,1,1,1,0,2.36,3.1,3.97,3.98
S180524,Tern ,7,6,3,9,3,8,4,4,8,1,1,1,0,2.12,2.51,3.44,3.43
S180525,Tern ,,,,,,,,,,,,,,,,,
S180526,Tern ,,,,,,,,,,,,,,,,,
S180527,Tern ,,,,,,,,,,,,,,,,,
S180528,Tern ,,,,,,,,,,,,,,,,,
S180529,Tern ,,,,,,,,,,,,,,,,,
S180530,Tern ,7,6,3,9,3,8,4,4,8,1,1,1,0,3.83,4.22,5.14,5.31
S180746,Walby,6,6,3,8,3,8,4,4,8,1,1,1,0,3.45,3.95,4.33,4.48
S180747,Walby,6,6,3,8,3,8,4,4,8,1,1,1,0,3.85,4.76,4.96,5.03
S180748,Walby,5,5,3,7,3,7,4,4,8,1,1,1,0,2.95,4.56,5.34,5.33
S180749,Walby,6,6,2,7,2,7,4,4,8,1,1,1,0,3.45,4.29,5.28,5.2
S180750,Walby,6,5,3,8,4,7,4,4,8,1,1,1,0,3.8,4.38,4.71,4.54
S180751,Walby,5,5,3,7,3,7,4,4,8,1,1,1,0,2.76,3.43,4.12,NA
S180752,Walby,5,6,3,7,3,8,4,4,8,1,1,1,0,3.74,4.57,5.29,NA
S180753,Walby,6,6,3,8,3,8,4,4,8,1,1,1,0,4.06,4.46,5.14,5.53
S180754,Walby,7,6,2,8,2,7,4,4,8,1,1,1,0,2.87,3.22,4.36,4.25
S180755,Walby,6,5,3,8,3,7,4,4,8,1,1,1,0,3.07,3.63,4.53,4.3
S180756,Walby,5,7,3,7,2,8,4,4,8,1,1,1,0,3.31,4.21,4.85,4.38
S180757,Walby,5,5,3,7,3,7,4,4,8,1,1,1,0,3.39,4.19,4.48,4.78
S180758,Walby,6,6,3,8,3,8,4,4,8,1,1,1,0,3.37,4.15,4.56,5.03
S180759,Walby,6,6,3,8,3,8,4,4,8,1,1,1,0,3.27,4.04,4.45,4.34
S180760,Walby,6,6,3,8,3,8,4,4,8,1,1,1,0,3.78,4.92,4.69,5.21
S180761,Walby,6,6,3,8,3,8,4,4,8,1,1,1,0,3.36,4.69,4.42,4.92
S180762,Walby,,,,,,,,,,,,,,,,,
S180763,Walby,,,,,,,,,,,,,,,,,
S180764,Walby,,,,,,,,,,,,,,,,,
S180765,Walby,,,,,,,,,,,,,,,,,
S180766,Walby,,,,,,,,,,,,,,,,,
S180767,Walby,,,,,,,,,,,,,,,,,
S180768,Walby,,,,,,,,,,,,,,,,,
S180769,Walby,,,,,,,,,,,,,,,,,
S180770,Walby,5,6,3,7,3,8,4,4,8,1,1,1,0,3.29,3.65,3.88,4.07
S180771,Walby,5,5,4,8,4,8,4,4,8,1,1,1,0,3.44,3.76,4.55,4.41
S180772,Walby,7,7,2,8,2,8,4,4,8,1,1,1,0,3.23,4.15,4.82,4.45
S180773,Walby,5,4,3,7,4,7,4,4,8,1,1,1,0,3.43,4.1,4.19,4.54
S180774,Walby,6,6,3,8,3,8,4,4,8,1,1,1,0,4.55,5.17,5.37,5.66
S180775,Walby,4,3,4,7,5,7,4,4,8,1,1,1,0,3.83,4.38,4.56,4.67
S180776,Walby,7,6,2,8,2,7,4,4,8,1,1,1,0,3.26,3.75,4.79,4.7
S180777,Walby,6,6,3,8,3,8,4,4,8,1,1,1,0,3.49,3.69,3.96,4.06
S180901,Walby,5,5,3,7,3,7,4,4,8,1,1,1,0,1.63,3.97,5.18,5.48
S180902,Walby,7,5,2,8,3,7,4,4,8,1,1,1,0,3.56,4.07,5.4,5.59
S180903,Walby,5,6,3,7,2,7,4,4,8,1,1,1,0,2.98,3.55,4.95,4.98
S180904,Walby,5,5,3,7,3,7,4,4,8,1,1,1,0,4.36,4.62,5.9,5.66
S180905,Walby,6,6,3,8,3,8,4,4,8,1,1,1,0,3.32,3.67,5.77,5.04
S180906,Walby,5,5,3,7,3,7,4,4,8,1,1,1,0,3.58,4.06,4.5,4.24
S180907,Walby,6,6,3,8,3,8,4,4,8,1,1,1,0,3.61,3.98,4.71,5.05
S180908,Walby,6,6,3,8,3,8,4,4,8,1,1,1,0,3.46,3.97,4.83,4.78
S180909,Walby,5,6,3,7,3,8,4,4,8,1,1,1,0,3.27,3.88,4.91,4.89
S180910,Walby,7,6,2,8,2,7,4,4,8,1,1,1,0,3.48,3.9,4.31,5.01
S180911,Walby,7,7,2,8,2,8,4,4,8,1,1,1,0,3.18,3.55,4.43,4.9
S180912,Walby,5,6,3,7,3,8,4,4,8,1,1,1,0,2.82,3.21,4.83,4.87
S180913,Walby,,,,,,,,,,,,,,,,,
S180914,Walby,,,,,,,,,,,,,,,,,
S180915,Walby,,,,,,,,,,,,,,,,,
S180916,Walby,,,,,,,,,,,,,,,,,
S180917,Walby,4,4,4,7,4,7,4,4,8,1,1,1,0,4.51,5.16,5.43,5.6
S180918,Walby,4,5,4,7,4,8,4,4,8,1,1,1,0,3.73,4.22,4.67,5.24
S180919,Walby,4,4,4,7,4,7,4,4,8,1,1,0,0,3.35,3.93,4.74,5.02
S180920,Walby,5,5,3,7,3,7,4,4,8,1,1,1,0,NA,4.04,4.66,4.62
S180921,Walby,,,,,,,,,,,,,,,,,
S180922,Walby,,,,,,,,,,,,,,,,,
S180924,Walby,,,,,,,,,,,,,,,,,
S180925,Walby,,,,,,,,,,,,,,,,,
S180926,Walby,7,7,2,8,2,8,4,4,8,1,1,1,0,2.96,3.71,4.75,4.71
S180928,Walby,5,6,3,7,3,8,4,4,8,1,1,1,0,2.89,3.4,4.6,4.52
S180929,Walby,5,5,3,7,3,7,4,4,8,1,1,1,0,3.02,3.18,4.79,5.21
S180930,Walby,6,6,3,8,3,8,4,4,8,1,1,1,0,3.23,3.91,4.71,4.43
S180341,Watson,5,5,3,7,3,7,4,4,8,1,1,1,0,4.18,4.69,4.85,4.9
S180342,Watson,6,6,3,8,3,8,4,4,8,1,1,1,0,4.9,4.92,6.08,5.97
S180343,Watson,4,4,3,7,3,7,4,4,8,1,1,1,0,3.81,3.9,3.77,4.05
S180344,Watson,6,6,3,8,3,8,4,4,8,1,1,1,0,3.9,4.73,5.21,5.09
S180345,Watson,5,5,3,7,3,7,4,4,8,1,1,1,0,3.48,4.36,5.29,5.06
S180346,Watson,4,4,4,7,4,7,4,4,8,1,1,1,0,3.31,4.05,4.31,4.62
S180347,Watson,6,6,3,8,3,8,4,4,8,1,1,1,0,3.54,3.52,3.9,4.44
S180348,Watson,5,5,3,7,3,7,4,4,8,1,1,1,0,2.75,3.62,4.23,4.26
S180349,Watson,5,5,3,7,3,7,4,4,8,1,1,1,0,3.7,4.69,4.64,5.44
S180350,Watson,5,5,3,7,3,7,4,4,8,1,1,1,0,3.52,4.07,4.79,5.21
S180411,Watson,5,5,3,7,3,7,4,4,8,1,1,1,0,3.41,3.8,4.85,4.49
S180412,Watson,4,5,4,7,3,7,4,4,8,1,1,1,0,3.83,3.93,4.48,4.76
S180413,Watson,4,4,4,7,4,7,4,4,8,1,1,1,0,3.33,4.32,4.3,4.49
S180414,Watson,5,5,4,8,3,7,4,4,8,1,1,1,0,3.75,4.11,4.78,5.1
S180415,Watson,4,5,4,7,4,8,4,4,8,1,1,1,0,4.99,5.41,5.22,5.36
S180416,Watson,3,3,5,7,5,7,4,4,8,1,1,1,0,4.63,5.66,6.11,5.77
S180417,Watson,4,4,4,7,4,7,4,4,8,1,1,1,0,3.71,4.54,4.7,5.42
S180418,Watson,5,4,4,8,4,7,4,4,8,1,1,1,0,4.02,3.66,4.28,4.61
S180419,Watson,5,5,4,8,3,7,4,4,8,1,1,1,0,3.26,4.85,4.45,4.99
S180420,Watson,5,4,4,8,4,7,4,4,8,1,1,1,0,3.6,4.45,3.65,4.22
S180421,Watson,5,5,3,7,3,7,4,4,8,1,1,1,0,3.11,3.07,4.41,4.23
S180422,Watson,5,6,4,8,3,8,4,4,8,1,1,1,0,3.89,4.41,4.17,4.08
S180423,Watson,4,4,4,7,4,7,4,4,8,1,1,1,0,3.33,3.9,4.21,3.96
S180424,Watson,,,,,,,,,,,,,,,,,
S180425,Watson,5,5,4,8,4,8,4,4,8,1,1,1,0,3.07,3.57,3.8,4.22
S180426,Watson,7,7,3,9,3,9,4,4,8,1,1,1,0,2.68,3.34,4.22,4.73
S180427,Watson,5,5,3,7,3,7,4,4,8,1,1,1,0,NA,4.72,5.54,5.25
S180428,Watson,5,6,3,7,3,8,4,4,8,1,1,1,0,2.95,3.47,4.53,4.16
S180429,Watson,5,5,4,8,4,9,4,4,8,1,1,1,0,3.35,3.28,3.97,3.81
S180430,Watson,5,6,4,8,3,8,4,4,8,1,1,1,0,4.58,4.87,4.82,4.56
S180431,Watson,4,4,4,7,4,7,4,4,8,1,1,1,0,4.44,4.79,5.08,4.97
S180432,Watson,4,5,4,7,4,8,4,4,8,1,1,1,0,3.83,3.72,4.14,4.49
S180433,Watson,6,6,3,8,3,8,4,4,8,1,1,1,0,4.17,4,4.61,4.81
S180434,Watson,4,5,4,7,3,7,4,4,8,1,1,1,0,4.35,5.61,5.74,5.78
S180435,Watson,5,5,4,8,4,8,4,4,8,1,1,1,0,3.12,3.93,4.74,5.42
S180436,Watson,5,5,4,8,4,8,4,4,8,1,1,1,0,4.36,4.74,4.81,5.03
S180437,Watson,5,5,4,8,4,8,4,4,8,1,1,1,0,4.23,4.41,5.04,5
S180438,Watson,5,5,3,7,3,7,4,4,8,1,1,1,0,3.68,4.03,4.84,4.93
S180439,Watson,5,5,3,7,3,7,4,4,8,1,1,1,0,3.83,3.89,4.08,4.79
S180440,Watson,5,5,4,8,3,7,4,4,8,1,1,1,0,2.08,3.76,4.16,4.6
S180441,Watson,,,,,,,,,,,,,,,,,
S180442,Watson,5,5,3,7,3,7,4,4,8,1,1,1,0,3.31,3.66,4.61,4.93
S180443,Watson,6,6,2,7,2,7,4,4,8,1,1,1,0,3.28,3.74,4.58,4.76
S180444,Watson,5,4,3,7,4,7,4,4,8,1,1,1,0,3.82,4.24,4.93,4.69
S180445,Watson,7,7,2,8,2,8,4,4,8,1,1,1,0,NA,3.56,4.68,4.39
S180446,Watson,6,6,3,8,3,8,4,4,8,1,1,1,0,2.67,NA,4.02,4.12
S180447,Watson,5,5,4,8,4,8,4,4,8,1,1,1,0,3.19,3.52,4.49,4.53
S180448,Watson,5,3,3,7,5,7,4,4,8,1,1,1,0,3.58,3.84,4.79,4.83
S180449,Watson,6,5,3,8,3,7,4,4,8,1,1,1,0,NA,3.05,3.95,4.2
S180450,Watson,,,,,,,,,,,,,,,,,
S180451,Watson,5,5,3,7,3,7,4,4,8,1,1,1,0,2.6,3.42,4.07,4.08
S180452,Watson,5,6,4,8,3,8,4,4,8,1,1,1,0,3.77,3.71,4.59,4.37
S180453,Watson,5,5,3,7,3,7,4,4,8,1,1,1,0,3.63,4.49,4.48,4.53
S180454,Watson,5,5,4,8,4,8,4,4,8,1,1,1,0,4.23,4.49,4.85,4.89
S180455,Watson,4,5,4,7,4,8,4,4,8,1,1,1,0,4.65,4.09,4.28,4.46
S180456,Watson,4,4,4,7,4,7,4,4,8,1,1,1,0,4.64,4.83,5.26,5.15
S180457,Watson,5,6,4,8,3,8,4,4,8,1,1,1,0,2.1,2.83,3.63,3.91
S180458,Watson,,,,,,,,,,,,,,,,,
S180459,Watson,4,4,4,7,4,7,4,4,8,1,1,1,0,4.46,4.49,5.53,5.3
S180460,Watson,4,4,4,7,4,7,4,4,8,1,1,1,0,2.86,3.35,4.04,4.09
S180595,Wik,5,5,3,7,3,7,4,4,8,1,1,1,0,2.98,3,2.28,NA
S180596,Wik,7,6,2,8,3,8,4,4,8,1,1,1,0,3.13,3.36,3.31,2.54
S180597,Wik,4,4,4,7,4,7,4,4,8,1,1,1,0,NA,2.76,0.95,1.77
S180598,Wik,5,6,3,7,3,8,4,4,8,1,1,1,0,2.17,2.59,2.56,2.34
S180599,Wik,5,5,3,7,3,7,4,4,8,1,1,1,0,2.92,3.01,3.29,NA
S180600,Wik,4,5,4,7,3,7,4,4,8,1,1,1,0,2.36,2.66,1.51,2.46
S180601,Wik,4,5,4,7,4,8,4,4,8,1,1,1,0,2.27,3.02,1.39,1.29
S180602,Wik,6,6,2,7,2,7,4,4,8,1,1,1,0,1.92,2.47,1.85,2.4
S180603,Wik,,,,,,,,,,,,,,,,,
S180604,Wik,,,,,,,,,,,,,,,,,
S180605,Wik,,,,,,,,,,,,,,,,,
S180606,Wik,,,,,,,,,,,,,,,,,
S180607,Wik,,,,,,,,,,,,,,,,,
S180608,Wik,,,,,,,,,,,,,,,,,
S180609,Wik,,,,,,,,,,,,,,,,,
S180610,Wik,,,,,,,,,,,,,,,,,
S180611,Wik,5,5,3,7,3,7,4,4,8,1,1,1,0,2.97,2.87,1.67,1.84
S180612,Wik,5,5,3,7,3,7,4,4,8,0,1,1,0,0,2.37,2.15,1.53
S180613,Wik,5,5,3,7,3,7,4,4,8,1,1,1,0,NA,2.66,2.4,2.05
S180614,Wik,,,,,,,,,,,,,,,,,
S180615,Wik,5,5,3,7,3,7,4,4,8,1,1,1,0,2.55,2.89,2.84,3.1
S180616,Wik,6,5,3,8,3,7,4,4,8,1,1,1,0,3.08,3.18,NA,2.34
S180617,Wik,5,5,3,7,3,7,4,4,8,1,1,1,0,2.21,2.53,1.85,1.63
S180618,Wik,6,6,2,7,2,7,4,4,8,1,1,1,0,2.5,2.63,0.87,1.04
S180619,Wik,4,4,4,7,4,7,4,4,8,1,1,1,0,2.41,2.34,2.13,NA
S180620,Wik,4,4,4,7,4,7,4,4,8,1,1,1,0,NA,2.63,NA,1.02
S180621,Wik,,,,,,,,,,,,,,,,,
S180622,Wik,4,4,4,7,4,7,4,4,8,1,1,1,0,1.92,2.59,2.42,2.54
S180623,Wik,4,4,4,7,4,7,4,4,8,1,1,1,0,2.61,3.17,1.49,2.07
S180624,Wik,5,6,3,7,2,7,4,4,8,1,1,1,0,2.25,2.56,2.25,2.31
S180625,Wik,6,6,2,7,3,8,4,4,8,1,1,1,0,1.43,2.4,2.26,1.66
S180626,Wik,5,5,3,7,3,7,4,4,8,1,1,1,0,2.52,1.89,1.67,0.45
S180627,Wik,6,6,2,7,2,7,4,4,8,1,1,1,0,2.74,3.07,2.13,2.28
S180628,Wik,7,7,2,8,2,8,4,4,8,1,1,1,0,2.78,3.17,1.84,1.75
S180629,Wik,2,2,5,6,5,6,4,4,8,1,1,1,0,1.72,2.43,2.06,1.79
S180630,Wik,6,6,3,8,3,8,4,4,8,1,1,1,0,2.23,2.38,1.22,0.87
S180631,Wik,4,5,4,7,3,7,4,4,8,1,1,1,0,2.44,2.52,2.97,3.12
S180632,Wik,,,,,,,,,,,,,,,,,
S180633,Wik,5,5,3,7,3,7,4,4,8,1,1,1,0,2.52,2.6,2.31,0.67
S180634,Wik,4,4,4,7,4,7,4,4,8,1,1,1,0,3.04,2.95,3.01,3.03
S180635,Wik,5,5,3,7,3,7,4,4,8,1,1,1,0,2.08,2.59,1.12,1.44
S180636,Wik,6,6,2,7,2,7,4,4,8,1,1,1,0,2.15,2.4,2.75,2.34
S180637,Wik,6,5,2,7,3,7,4,4,8,1,1,1,0,3,3.1,NA,1.66
S180638,Wik,5,6,3,7,2,7,4,4,8,1,1,1,0,2.97,2.6,2.81,2.67
S180639,Wik,4,4,3,6,4,7,4,4,8,1,1,1,0,2.63,2.62,2.88,2.84
S180640,Wik,4,4,4,7,4,7,4,4,8,1,1,1,0,2.91,3.45,1.46,1.34
S180641,Wik,5,5,3,7,3,7,4,4,8,1,1,1,0,2.2,2.16,1.84,2.35
S180642,Wik,4,3,4,7,5,7,4,4,8,1,1,1,0,2.75,2.89,3.23,3.1
S180643,Wik,,,,,,,,,,,,,,,,,
S180644,Wik,5,5,4,8,4,8,2,2,4,1,1,1,0,NA,3.13,0,0